user_id,sessions_id,timestamp,root_id,root_tstamp,event_name,medium,web_id,title,bedrooms,bathrooms,price,price_period,location_id,broker_id,agent_id,area_sqft,rera_permit_no,offering_type,property_type_id,furnishings,market,amenities,rel,reference,listing_status,verified,quality_score,completion_status,year,month,day
000131eb-0f84-465b-b554-d132c9e61fe1,83d7c1a3-a5df-4997-bc73-55e8b147a227,2018-11-21 10:55:38,dcf69ed5-3a90-4789-8cee-b33a33ebc29d,2018-11-21 10:55:38,lead_click,phone,6494593,Ary Marina View- Rented 2BR- Investment Opportunity,2,2,1300000,,3034,1212,164187,1560,889752324,buy,1,unfurnished,residential,,target,BRJ-S-3858,premium,TRUE,97.25,completed,2018,11,21
000131eb-0f84-465b-b554-d132c9e61fe1,83d7c1a3-a5df-4997-bc73-55e8b147a227,2018-11-21 10:55:39,1e869ab2-2b37-4096-acc1-172f48d9b858,2018-11-21 10:55:39,lead_click,phone,6324590,Corner Unit Townhouse at Al Burooj Residence I,3,4,2150000,,8775,1212,117659,2323,1120335141,buy,35,part_furnished,residential,,target,BRJ-S-3668,premium,TRUE,98.44999695,completed,2018,11,21
000131eb-0f84-465b-b554-d132c9e61fe1,83d7c1a3-a5df-4997-bc73-55e8b147a227,2018-11-21 10:55:42,ccbfc667-3931-48fe-b7e9-59ac291ba94f,2018-11-21 10:55:42,lead_click,phone,6467630,1 Month Free- Hayat Townhouse- Close to Park and Pool,3,4,105000,yearly,1435,1212,164187,2146,228518855,rent,22,unfurnished,residential,,target,BRJ-R-3645,premium,TRUE,93.08999634,,2018,11,21
004bf2b9-b950-4069-abdb-c3c61e154da6,e3b68174-46dc-49c0-8b48-07baacc09066,2018-11-21 15:53:49,e3a252be-0086-4148-a4aa-b19e74e2027b,2018-11-21 15:53:49,lead_click,phone,6490621,G+4 in Good Location for AED 105 perSqft,0,0,7500000,,1020,555,157386,62500,21927,buy,5,unfurnished,residential,,page,A-NV-240,standard,FALSE,75.69000244,,2018,11,21
00582b04-cafa-4521-9bc8-42f46e7983a6,b254bca3-4f80-48a0-af70-75931b2fa3ab,2018-11-21 09:10:46,c1243687-6895-46be-94cc-241b5fa70c8e,2018-11-21 09:10:46,lead_click,phone,6388192,Best Offer|Lavish 2 Bed Room|Maid Room  Jade Residence DSO,2,2,65000,yearly,775,1009,155612,1113,25945,rent,1,unfurnished,residential,,page,BNH-R-1296,premium,FALSE,77,,2018,11,21
0060c374-761a-4178-aad6-586913342733,b96c0ec6-4ee2-4cc7-b337-73d81856c3ec,2018-11-21 21:49:12,6121d065-5448-4d45-95a5-437fd6da7b4c,2018-11-21 21:49:12,lead_click,phone,6445433,2B/R + FACILITIES NEAR MALL OF EMIRATES,2,2,65000,yearly,10103,2885,157660,1250,19080,rent,1,unfurnished,residential,,page,SFQ R BARSHA 2,standard,FALSE,79.73000336,,2018,11,21
006e96b6-3ef1-4be0-a5a1-117e1f17ac30,c43e44d8-a133-4d93-bc96-18b0eb0d1b8b,2018-11-21 16:01:43,eb9a5d32-149c-4a8f-9942-c6debdc5bb37,2018-11-21 16:01:43,lead_click,phone,6552144,"Best deal, Hot price , Huge & spacious !",1,2,80000,yearly,3667,864,157828,1200,24407,rent,1,unfurnished,residential,,page,Cs-R-bahar1,standard,FALSE,79.26000214,,2018,11,21
006e96b6-3ef1-4be0-a5a1-117e1f17ac30,c43e44d8-a133-4d93-bc96-18b0eb0d1b8b,2018-11-21 16:19:38,0e36197f-03b3-4ca9-bde2-af3652b04d4e,2018-11-21 16:19:38,lead_click,phone,6496243,Rarely available marina view Bunyan tower,1,2,93000,yearly,3123,1141,137211,800,149542976,rent,1,unfurnished,residential,,page,AB-R-5481,standard,FALSE,79.81999969,,2018,11,21
0081c8d4-e61c-4b20-8cdb-1d99dfbba8c3,ea0863ca-1f8c-4ca7-bf2a-d9333f8ea651,2018-11-21 18:38:38,98e8b0b1-65c7-44a5-a729-f69eb0642b4b,2018-11-21 18:38:38,lead_click,phone,6533564,Spacious Studio Flat + Balcony |Al Majaz,0,1,20000,yearly,4900,2268,159983,500,19636,rent,1,unfurnished,residential,,page,AB18,featured,FALSE,99.90000153,,2018,11,21
0081c8d4-e61c-4b20-8cdb-1d99dfbba8c3,ea0863ca-1f8c-4ca7-bf2a-d9333f8ea651,2018-11-21 18:43:04,525188f4-a435-48ef-9c5f-4d20f4e7535d,2018-11-21 18:43:04,lead_click,phone,6492280,1 bhk in al majaz with wordrobes rent,1,1,25000,yearly,4900,3091,161147,1000,,rent,1,unfurnished,residential,,page,564477638,standard,FALSE,99.40000153,,2018,11,21
00821b80-f448-4ee4-a0ed-90cb437978e5,c4014e78-25a0-48ea-9419-a30813e1dbc3,2018-11-21 14:42:38,65dae1df-55b2-4e14-bbbf-5f6c670863f5,2018-11-21 14:42:38,lead_click,sms,6533927,Fully Fitted Office  Available for Rent,0,1,55000,yearly,2419,801,121078,720,,rent,4,unfurnished,commercial,,target,VPB-R-3492,featured,TRUE,99.52999878,,2018,11,21
00821b80-f448-4ee4-a0ed-90cb437978e5,c4014e78-25a0-48ea-9419-a30813e1dbc3,2018-11-21 14:54:34,7f20a5c2-4c0e-42eb-a24f-07b98ada1df4,2018-11-21 14:54:34,lead_click,phone,6276280,DIRECT from OWNER - OFFICE FOR RENT 55K-100K,0,1,55000,yearly,88,2969,162065,640,16479,rent,4,part_furnished,commercial,,page,AGB-OFF,featured,FALSE,67.62000275,,2018,11,21
00821b80-f448-4ee4-a0ed-90cb437978e5,c4014e78-25a0-48ea-9419-a30813e1dbc3,2018-11-21 14:55:17,83ec1294-8f3f-4bda-b7ff-b2b8a2bc91c5,2018-11-21 14:55:17,lead_click,phone,6276280,DIRECT from OWNER - OFFICE FOR RENT 55K-100K,0,1,55000,yearly,88,2969,162065,640,16479,rent,4,part_furnished,commercial,,page,AGB-OFF,featured,FALSE,67.62000275,,2018,11,21
00821b80-f448-4ee4-a0ed-90cb437978e5,c4014e78-25a0-48ea-9419-a30813e1dbc3,2018-11-21 15:05:48,a3bf206e-2209-4ff5-b147-82934414c430,2018-11-21 15:05:48,lead_click,phone,6084187,FURNISHED OFFICE SPACES  NEAR DIFC METRO,0,0,49000,yearly,4409,2348,138311,202,27025,rent,4,furnished,commercial,,page,SAR/ASP/MID/005,standard,FALSE,77.15000153,,2018,11,21
00821b80-f448-4ee4-a0ed-90cb437978e5,c4014e78-25a0-48ea-9419-a30813e1dbc3,2018-11-21 15:07:51,bc901c9f-4850-41a5-82ca-1eb0c9172cdf,2018-11-21 15:07:51,lead_click,phone,5766710,300 to 600 sqft serviced offices on SZRD,0,2,60000,yearly,4409,889,121256,330,1699897589,rent,4,furnished,commercial,,page,WD-BJ-22,standard,FALSE,79.95999908,,2018,11,21
00821b80-f448-4ee4-a0ed-90cb437978e5,c4014e78-25a0-48ea-9419-a30813e1dbc3,2018-11-21 15:08:16,9236f1e0-112a-47f6-b8b6-daa0f1fbc42b,2018-11-21 15:08:16,lead_click,phone,5766710,300 to 600 sqft serviced offices on SZRD,0,2,60000,yearly,4409,889,121256,330,1699897589,rent,4,furnished,commercial,,page,WD-BJ-22,standard,FALSE,79.95999908,,2018,11,21
000131eb-0f84-465b-b554-d132c9e61fe1,83d7c1a3-a5df-4997-bc73-55e8b147a227,2018-11-21 13:17:35,77142ffa-53c8-447f-b53a-e9dbcee3062c,2018-11-21 13:17:35,lead_click,phone,6480276,# 1bhk in garden city in best price 17k,1,1,17000,yearly,5271,2436,166332,564,,rent,1,unfurnished,residential,,page,Dayef garden city,standard,FALSE,98.55000305,,2018,11,21
000131eb-0f84-465b-b554-d132c9e61fe1,83d7c1a3-a5df-4997-bc73-55e8b147a227,2018-11-21 13:18:44,19b27f34-6dbf-4221-9cae-28013117b115,2018-11-21 13:18:44,lead_click,phone,6480396,# Distress deal 1bhk in garden city 180k,1,1,180000,,5271,2436,166332,564,,buy,1,unfurnished,residential,,page,Dayef gcity sale,standard,FALSE,98.91999817,completed,2018,11,21
000131eb-0f84-465b-b554-d132c9e61fe1,83d7c1a3-a5df-4997-bc73-55e8b147a227,2018-11-21 13:18:56,c69b2da3-d9bd-4582-b6c7-b91499065500,2018-11-21 13:18:56,lead_click,phone,6480348,# Big sized 2bhk in garden city 26k,2,2,25000,yearly,1758,2436,166332,1074,,rent,1,unfurnished,residential,,page,Dayef gcity 2,standard,FALSE,98.62000275,,2018,11,21
000131eb-0f84-465b-b554-d132c9e61fe1,83d7c1a3-a5df-4997-bc73-55e8b147a227,2018-11-21 13:19:12,b1e45e27-18a0-450f-a857-da8e3e4b9bbe,2018-11-21 13:19:12,lead_click,phone,6483349,*2 BHK FOR RENT IN FALCON TOWER AJMAN**,2,3,35000,yearly,5160,2436,166332,1553,,rent,1,unfurnished,residential,,page,falcon 2 bhk rent,standard,FALSE,99.38999939,,2018,11,21
000131eb-0f84-465b-b554-d132c9e61fe1,83d7c1a3-a5df-4997-bc73-55e8b147a227,2018-11-21 13:19:26,21bd8000-8a89-40f8-bb88-fcdf6c097dbd,2018-11-21 13:19:26,lead_click,phone,6480276,# 1bhk in garden city in best price 17k,1,1,17000,yearly,5271,2436,166332,564,,rent,1,unfurnished,residential,,page,Dayef garden city,standard,FALSE,98.55000305,,2018,11,21
000131eb-0f84-465b-b554-d132c9e61fe1,83d7c1a3-a5df-4997-bc73-55e8b147a227,2018-11-21 13:19:42,f50325da-afd5-4b35-9e1e-8d3673441146,2018-11-21 13:19:42,lead_click,phone,6480396,# Distress deal 1bhk in garden city 180k,1,1,180000,,5271,2436,166332,564,,buy,1,unfurnished,residential,,page,Dayef gcity sale,standard,FALSE,98.91999817,completed,2018,11,21
000131eb-0f84-465b-b554-d132c9e61fe1,83d7c1a3-a5df-4997-bc73-55e8b147a227,2018-11-21 13:20:27,d5b5d1d3-8ab6-4615-a6e7-ecf83295067e,2018-11-21 13:20:27,lead_click,phone,6480276,# 1bhk in garden city in best price 17k,1,1,17000,yearly,5271,2436,166332,564,,rent,1,unfurnished,residential,,page,Dayef garden city,standard,FALSE,98.55000305,,2018,11,21
00845e8d-68df-4c0b-8f09-4ec672fc3b4e,9893ec3e-c14c-4b13-9314-b0a23d2e4a37,2018-11-22 00:28:36,437cb2e4-ceed-47f3-afe7-aa23dd4d4e85,2018-11-22 00:28:36,lead_click,phone,6265071,Price reduced| Excellent waterfront home,2,3,1799000,,5416,1430,152808,1184,,buy,1,unfurnished,residential,,page,WRE-S-2994,featured,TRUE,99.72000122,completed,2018,11,21
0094fbc4-8900-44f0-b7b6-ae5921d49a05,099504e1-9d60-4c68-ae7a-d1a2d39db0c9,2018-11-21 10:03:11,cf65e834-09ab-46a3-a7d7-38d79b63b4e6,2018-11-21 10:03:11,lead_click,phone,6418990,CBD Studio Available For Rent In CBD8 IC,0,1,32000,yearly,10024,3079,162668,450,,rent,1,unfurnished,residential,,target,Studio CBD8,standard,FALSE,79.95999908,,2018,11,21
009d07a1-8e87-4ee9-80d1-a80cfa077a6c,0ad644d5-528e-4f42-9810-1fd0fe6b9978,2018-11-21 16:17:51,c85a72b3-4eb0-4e79-a49c-671be30aca34,2018-11-21 16:17:51,lead_click,email,6512580,CS- A LARGE OFFICE IN BUSINESS BAY - XL TOWER FOR ONLY 75K!,0,1,75000,yearly,2460,334,117311,1100,406021101,rent,4,unfurnished,commercial,,page,LI-R-4207,featured,FALSE,73.58000183,,2018,11,21
009d07a1-8e87-4ee9-80d1-a80cfa077a6c,0ad644d5-528e-4f42-9810-1fd0fe6b9978,2018-11-21 16:18:36,b3b3a608-97a7-42d6-8c42-8e220dcefdff,2018-11-21 16:18:36,lead_send,email,6512580,CS- A LARGE OFFICE IN BUSINESS BAY - XL TOWER FOR ONLY 75K!,0,1,75000,yearly,2460,334,117311,1100,406021101,rent,4,unfurnished,commercial,,page,LI-R-4207,featured,FALSE,73.58000183,,2018,11,21
00a382b1-e96d-4c16-8493-d69d79834a92,8d644d52-91db-4dc0-a2ee-d0152851a8cc,2018-11-21 13:31:45,5d5c6225-7036-43fd-8c4e-e44451afb9c5,2018-11-21 13:31:45,lead_click,phone,6528374,Burj View|Excellent Priced|All Ensuites|,3,4,2289000,,2504,990,161442,2100,12361,buy,1,unfurnished,residential,,page,LSPF-S1023,featured,FALSE,79.72000122,,2018,11,21
00bfa96c-5a72-4818-9e18-748f7dca1187,b585c9d5-2e05-4bf8-aaff-cb8c55399df8,2018-11-21 09:39:30,4c820f40-f4ff-489c-8b44-02d0228a82fa,2018-11-21 09:39:30,lead_click,email,6354164,Family 1 BR Apt behind ADCB metro - No Commission!,1,1,75000,yearly,8477,1831,114604,656,,rent,1,unfurnished,residential,,target,ARN-R-2023,premium,FALSE,77.27999878,,2018,11,21
00bfa96c-5a72-4818-9e18-748f7dca1187,b585c9d5-2e05-4bf8-aaff-cb8c55399df8,2018-11-21 09:42:34,4c820f40-f4ff-489c-8b44-02d0228a82fa,2018-11-21 09:42:34,lead_send,email,6354164,Family 1 BR Apt behind ADCB metro - No Commission!,1,1,75000,yearly,8477,1831,114604,656,,rent,1,unfurnished,residential,,target,ARN-R-2023,premium,FALSE,77.27999878,,2018,11,21
00bfa96c-5a72-4818-9e18-748f7dca1187,b585c9d5-2e05-4bf8-aaff-cb8c55399df8,2018-11-21 09:42:54,08dac9ee-5ae0-46be-8dba-c77f173ff1bb,2018-11-21 09:42:54,lead_click,phone,5662978,Best Offer! Cheapest Apt behind ADCB metro - No Commission!,1,1,75000,yearly,8477,1831,114604,656,,rent,1,unfurnished,residential,,target,ARN-R-2031,featured,TRUE,96.73999786,,2018,11,21
00bfa96c-5a72-4818-9e18-748f7dca1187,b585c9d5-2e05-4bf8-aaff-cb8c55399df8,2018-11-21 09:50:54,419a549d-bc17-4287-a8a1-55487fded275,2018-11-21 09:50:54,lead_click,phone,6086938,HUGE 1BR I FOR RENT IN KARAMA I STALCO BLDG,1,1,55000,yearly,19,3019,159584,750,896930618,rent,1,unfurnished,residential,,page,nadalshiba-782889,standard,FALSE,62.79999924,,2018,11,21
00bfa96c-5a72-4818-9e18-748f7dca1187,b585c9d5-2e05-4bf8-aaff-cb8c55399df8,2018-11-21 10:03:19,a357bef6-5c42-4e53-ab5e-654d6c869d81,2018-11-21 10:03:19,lead_click,phone,5512337,karama shopping complex,1,1,45000,yearly,9263,659,150803,680,19844,rent,1,unfurnished,residential,,page,IM00100007694-R13,standard,FALSE,39.95999908,,2018,11,21
00e22377-b4dc-4292-8d3f-632ddcb2d6a6,bc6bdda4-b4a2-4d2e-bb0c-b96bbd396596,2018-11-21 19:49:32,bbd646ca-5a63-4d8d-a874-4f19a16ad90a,2018-11-21 19:49:32,lead_click,phone,6475483,"2Bedroom TH, End Unit | Amazing Location",2,2,900000,,8659,552,161645,1301,2024540734,buy,22,unfurnished,residential,,page,PF-VS-27797,standard,FALSE,79.95999908,off_plan,2018,11,21
00fb45e4-256f-468f-ab25-b73f12227256,5971b985-3b5d-4ec5-a642-1477898b715d,2018-11-21 19:15:12,ed57669b-69d5-47ae-9e53-7c57fb0bbf6f,2018-11-21 19:15:12,lead_click,phone,6522314,ON METRO HUGE STUDIE 650 sqft 6 CHQS 36K,0,1,36000,yearly,2243,1697,157955,650,25121,rent,1,unfurnished,residential,,page,BUTT-004,standard,FALSE,79.98000336,,2018,11,21
0104de50-826f-4b3f-9fda-acade8edbbaa,98648028-1e43-46d4-9a83-52f4f6a2e9c0,2018-11-21 09:50:42,4eca0d1d-4df9-4f03-bbea-2b29d3e91f27,2018-11-21 09:50:42,lead_click,phone,5814287,2 Bedrooms In Al Nahda2 - Direct from the Owner,2,2,50000,yearly,439,2791,156721,1500,19071,rent,1,unfurnished,residential,,page,AL Nahda 2 - 3BR,featured,FALSE,74.37000275,,2018,11,21
0108575f-cf59-4d34-ab73-6a6a928bd462,6dd46d4a-1059-48e6-bcdf-644b0df9e8fd,2018-11-21 21:39:20,2f3ab268-d4b1-429d-866b-c87dcb9f7505,2018-11-21 21:39:20,lead_click,phone,6533430,Downtown Burj Views Large 2 Bdr Podium Full Burj View,2,3,2500000,,2725,437,118644,1996,20338,buy,1,part_furnished,residential,,page,RLC-S-2635,standard,FALSE,75.87000275,completed,2018,11,21
010c35e7-41b2-4261-b307-3bfaad44458d,6d09fc60-8caa-4d49-8a06-b32da4b62ec7,2018-11-21 14:26:30,2ab41841-3071-44f2-8b96-d720a3b26742,2018-11-21 14:26:30,lead_click,phone,6460955,Ready to Move In(03)Type In ASAS Tower-Al Khan For Rent,3,4,90000,yearly,9679,3243,163710,2266,,rent,1,unfurnished,residential,,page,MZY-R-1111,standard,FALSE,96.61000061,,2018,11,21
010ee259-5bbf-4fad-90d6-61da174794a9,4cff6647-57ca-4d8d-a609-564b7be6f413,2018-11-21 12:59:11,104ee6d7-a750-4807-a107-7548056bed32,2018-11-21 12:59:11,lead_click,phone,6519909,Brand New 2BR Apartment Ready to Move In,2,2,65000,yearly,8460,568,120690,938,189185105,rent,1,unfurnished,residential,,page,HL-R-5328,premium,TRUE,100,,2018,11,21
010ee259-5bbf-4fad-90d6-61da174794a9,4cff6647-57ca-4d8d-a609-564b7be6f413,2018-11-21 12:59:45,76b391d4-a043-475b-b239-c0a4f57be24e,2018-11-21 12:59:45,lead_click,phone,6361831,3BR+Maids Townhouse |Town square |Type 5,3,4,1400000,,8484,555,164863,2229,2070863736,buy,22,unfurnished,residential,,page,A-NT-09,premium,TRUE,99.90000153,completed,2018,11,21
010f42fa-361e-4f3c-befd-8031be4a8565,fb2eb27f-6137-45cf-b060-a2bacdeb54e0,2018-11-21 15:15:47,e46a5b07-e40b-474b-adf6-1e13e63f8ac1,2018-11-21 15:15:47,lead_click,phone,6523026,Stand Alone Furnished 1BHK Prvt Entrance,1,1,43000,yearly,1933,1906,155566,1000,,rent,1,furnished,residential,,page,EZZT,standard,FALSE,99.91999817,,2018,11,21
01273298-8584-4dcc-96fc-e7f8d4b618ac,6fa2abdd-2419-4de8-924c-0b0c35723e26,2018-11-21 20:19:32,bbf864f3-e7ba-4c45-8921-04de4067d367,2018-11-21 20:19:32,lead_click,phone,6549404,Hot Deal 1 BHK For Sale In Lilies Towr,1,2,185000,,5207,2436,137650,1080,,buy,1,unfurnished,residential,,page,lilies 1 bhk sale,featured,FALSE,95.75,completed,2018,11,21
012d8660-fa84-4a97-b99b-5810d97a5292,7aa2bfc7-3b39-4d38-b2b0-7e12873d3d48,2018-11-21 16:19:00,0bf84534-9a4e-4479-aeae-77e246b536c7,2018-11-21 16:19:00,lead_click,phone,6506951,Furnished | Marina Residence with balcony,1,1,65000,yearly,3198,2584,160704,667,550573710,rent,1,furnished,residential,,page,AP326423,standard,TRUE,99.81999969,,2018,11,21
012d8660-fa84-4a97-b99b-5810d97a5292,7aa2bfc7-3b39-4d38-b2b0-7e12873d3d48,2018-11-21 16:20:26,c201fe5c-a5ff-4700-b179-c6be07a13bb3,2018-11-21 16:20:26,lead_click,phone,6380022,Fully Furnished 1 BR for rent in Marina Res. B,1,2,65000,yearly,3198,58,166190,613,706205655,rent,1,furnished,residential,,page,CWB-R-12098,standard,FALSE,78.01000214,,2018,11,21
012d8660-fa84-4a97-b99b-5810d97a5292,7aa2bfc7-3b39-4d38-b2b0-7e12873d3d48,2018-11-21 16:39:07,c50958a9-30c9-42ef-9b67-9de61453cb33,2018-11-21 16:39:07,lead_click,phone,6501995,Large 3 Bed+Maids Next to Metro in La Riviera,3,4,125000,yearly,3056,864,165719,1850,2207,rent,1,unfurnished,residential,,page,CI-R-48,standard,FALSE,78.36000061,,2018,11,21
01326785-4a9a-42a0-991a-9844e86092cf,0d14b176-3103-48b9-b8ed-5bbd2a877faf,2018-11-21 15:44:48,95cf7200-4b6a-46ae-aa10-a37da1b930a2,2018-11-21 15:44:48,lead_click,phone,6268512,Luxury Fully Furnished 4Br Villa for Rent,4,5,400000,yearly,4249,2375,140361,5000,,rent,35,furnished,residential,,target,LM-GHR-259,premium,TRUE,99.77999878,,2018,11,21
01460420-4fc7-4ced-9125-504f2ec04276,3891d91c-9bc3-46ef-8aea-a0323c5818f8,2018-11-21 15:28:13,87717a68-85aa-4590-928f-7a66af2f0191,2018-11-21 15:28:13,lead_click,phone,6531149,BRAND New BUILDING 1BHK WITH GYM POOL..,1,1,25000,yearly,8926,3091,161190,1000,,rent,1,unfurnished,residential,,page,new.t,standard,FALSE,99.79000092,,2018,11,21
01737102-fa3d-4c42-a0ed-cabb0c17cb22,8bd1de0b-4c0c-4bbb-a24a-4427e51299f5,2018-11-21 14:00:37,aa83c802-ae8a-4385-a3fc-725e1e39faf3,2018-11-21 14:00:37,lead_click,phone,6536602,Affordable One Bhk| Al Raffa  | 4 chqs |Family Bldg,1,2,55000,yearly,498,1212,164185,913,,rent,1,unfurnished,residential,,target,BRJ-R-4015,featured,FALSE,73.37999725,,2018,11,21
0176b1e8-578b-4292-b5df-f7f8054ae4d4,3c320981-aa99-46bb-894f-7d5b79321498,2018-11-22 00:23:37,4d4fef5a-3082-46b8-9571-3b1c81ed74b1,2018-11-22 00:23:37,lead_click,phone,6400709,1 bedroom Chiller Free in Daisy Azizi close to metro,1,2,55000,yearly,2144,967,121436,849,1117715299,rent,1,part_furnished,residential,,page,greenfuture-638655,featured,FALSE,77.06999969,,2018,11,21
0185cd15-e191-4552-bf7b-a043ad011d66,fed2f973-873e-48fb-9c1f-86492ca080ba,2018-11-21 22:30:29,804b5be8-a2b1-473c-a8af-8e55247de3c2,2018-11-21 22:30:29,lead_click,phone,6515249,Restaurant & Kitchen in Al Quoz for Sale,0,0,150000,,2221,3133,162239,1118,1580556956,buy,21,part_furnished,commercial,,page,GK-Sh-S-0073,featured,FALSE,77.01999664,,2018,11,21
0185cd15-e191-4552-bf7b-a043ad011d66,fed2f973-873e-48fb-9c1f-86492ca080ba,2018-11-21 22:30:43,57059420-c414-4591-804a-61bff9ee2480,2018-11-21 22:30:43,lead_click,phone,6515249,Restaurant & Kitchen in Al Quoz for Sale,0,0,150000,,2221,3133,162239,1118,1580556956,buy,21,part_furnished,commercial,,page,GK-Sh-S-0073,featured,FALSE,77.01999664,,2018,11,21
01ab502c-5891-49e1-a0df-a5c91c4766d1,2ebc6936-46b1-4dd1-b446-278a4dad61fb,2018-11-21 19:03:44,2411f46e-3933-4b34-be5a-0116236b585b,2018-11-21 19:03:44,lead_click,email,6548271,ELEGANT STUDIO FOR RENT IN KHABISI MERYAL,0,1,18000,yearly,8954,2976,158758,100,,rent,1,unfurnished,residential,,page,STUDIO-10B-7,standard,FALSE,65,,2018,11,21
01ab502c-5891-49e1-a0df-a5c91c4766d1,2ebc6936-46b1-4dd1-b446-278a4dad61fb,2018-11-21 19:08:45,54d5e299-c996-49fc-a650-61f68a253aca,2018-11-21 19:08:45,lead_send,email,6548271,ELEGANT STUDIO FOR RENT IN KHABISI MERYAL,0,1,18000,yearly,8954,2976,158758,100,,rent,1,unfurnished,residential,,page,STUDIO-10B-7,standard,FALSE,65,,2018,11,21
01b2db53-306e-4dce-99af-db57e51e1e2d,5f24757f-422f-4b89-88fb-04aa1a0241e4,2018-11-21 21:45:49,1e4a7b36-fd45-4c0e-b166-9cac59bf46ea,2018-11-21 21:45:49,lead_click,phone,6489745,2 Bed Creek Tower View | Cove | Lagoons,2,2,2477888,,8873,478,158362,1347,25275,buy,1,unfurnished,residential,,page,royaloasis-1137964,featured,FALSE,79.76999664,off_plan,2018,11,21
01dc0253-0e33-4107-9852-2e3e39e12405,ab57660a-5342-456b-9449-5a190978691b,2018-11-21 12:47:44,1273424e-771b-466a-b049-40a95d6388fd,2018-11-21 12:47:44,lead_click,phone,5727455,Spacious 4 Bedroom Villa Arabian Ranches,4,5,3600000,,484,1900,151682,3196,719977804,buy,35,unfurnished,residential,,page,S-OCT17-ASP-04,featured,FALSE,78.95999908,,2018,11,21
01fc3113-b30e-488b-940e-065f32f83724,55424d7f-8dea-4348-a437-e4d04f7500ea,2018-11-21 09:07:56,818f26a7-afa6-49c8-84dc-5292fcd967d1,2018-11-21 09:07:56,lead_click,phone,6274669,Beautiful Corner Plot 5Bed Villa Type 11,5,5,225000,yearly,473,1783,163444,4847,,rent,35,unfurnished,residential,,target,dandb-944982,standard,FALSE,79.83999634,,2018,11,21
01fc3113-b30e-488b-940e-065f32f83724,55424d7f-8dea-4348-a437-e4d04f7500ea,2018-11-21 09:08:38,90c67fc7-ce1d-48dd-ac68-8da34056cecc,2018-11-21 09:08:38,lead_click,phone,6204532,Great Location | Type 11 | Luxurious Villa,6,6,210000,yearly,473,2502,160829,4847,,rent,35,unfurnished,residential,,target,PLI-R-1977,standard,FALSE,79.45999908,,2018,11,21
0200ec25-e021-4018-8134-b98d05de21ee,b1397b49-571f-40a9-9304-2b4651cb6f24,2018-11-21 11:49:44,d9cf594e-cf54-41a7-b664-22b4dd9a15af,2018-11-21 11:49:44,lead_click,phone,6358025,Al Khail Heights 2 Bedroom Apt Brand New,2,3,68000,yearly,445,752,147025,1357,465134584,rent,1,unfurnished,residential,,page,VGB-R-11416,featured,FALSE,80,,2018,11,21
0200ec25-e021-4018-8134-b98d05de21ee,b1397b49-571f-40a9-9304-2b4651cb6f24,2018-11-21 11:53:50,798e01c4-3bc7-4d83-bd31-418a389fed02,2018-11-21 11:53:50,lead_click,email,6366891,Bulk Unit Available in Al Khail Heights,2,3,68000,yearly,445,752,153846,1357,465134584,rent,1,unfurnished,residential,,target,VGB-R-11431,standard,TRUE,99.73000336,,2018,11,21
0200ec25-e021-4018-8134-b98d05de21ee,b1397b49-571f-40a9-9304-2b4651cb6f24,2018-11-21 11:57:27,9db2e9e9-d52f-407b-889a-9023a9972fb6,2018-11-21 11:57:27,lead_send,email,6366891,Bulk Unit Available in Al Khail Heights,2,3,68000,yearly,445,752,153846,1357,465134584,rent,1,unfurnished,residential,,page,VGB-R-11431,standard,TRUE,99.73000336,,2018,11,21
0200ec25-e021-4018-8134-b98d05de21ee,b1397b49-571f-40a9-9304-2b4651cb6f24,2018-11-21 11:58:08,81f83626-bd56-4d6a-891a-4da9f931732e,2018-11-21 11:58:08,lead_click,phone,6358025,Al Khail Heights 2 Bedroom Apt Brand New,2,3,68000,yearly,445,752,147025,1357,,rent,1,unfurnished,residential,,target,VGB-R-11416,featured,FALSE,80,,2018,11,21
02179859-10a4-4801-a9e3-11422239595c,3d62f64f-5ba0-49d0-8b43-4cbe91e40073,2018-11-21 09:47:37,04b5025d-91e3-4211-9e67-f8b61cc531b0,2018-11-21 09:47:37,lead_click,phone,6527398,Huge Studio Converted 1BR in Executive B,0,1,69000,yearly,2500,447,161786,989,23470,rent,1,unfurnished,residential,,page,C/RJ/Exc-TB-BB/R/294,featured,FALSE,79.98000336,,2018,11,21
02179859-10a4-4801-a9e3-11422239595c,9ee12972-30ad-4927-b1dd-f1b2238d6cd0,2018-11-22 00:56:41,0c6b6f07-7684-4973-8dc8-f2e889e9fc9e,2018-11-22 00:56:41,lead_click,phone,6466026,1Bedroom+ Large Balcony -Downtown,1,1,70000,yearly,2732,2236,128495,900,25088,rent,1,unfurnished,residential,,page,LEDTBW,featured,FALSE,77.87999725,,2018,11,21
02211b53-766d-453b-94ac-3899af6c7668,3f6057a8-7893-440e-9612-70ea10de6d92,2018-11-21 07:41:01,d02fefdc-dc98-4b9a-b7f4-33bf24e232b0,2018-11-21 07:41:01,lead_click,phone,6532639,"IN 12 CHQS 1BHK IN 30K ON DUBAI BORDER ,",1,1,30000,yearly,2199,2666,161846,900,,rent,1,unfurnished,residential,,target,FEATURED 101,featured,FALSE,79.98000336,,2018,11,21
02223ec6-15ea-4bba-9e08-b6a17fe44a2f,ba0c617f-ad85-46c7-8dc5-d7b390a30579,2018-11-21 13:06:37,5ca7e653-74b1-4226-9f59-5052b9e985e2,2018-11-21 13:06:37,lead_click,email,6541764,Private Pool | Upgraded | Three Bedrooms,3,3,184995,yearly,970,3230,166339,3063,26135,rent,35,unfurnished,residential,,page,SUP157695_L,standard,FALSE,79.91999817,,2018,11,21
02223ec6-15ea-4bba-9e08-b6a17fe44a2f,ba0c617f-ad85-46c7-8dc5-d7b390a30579,2018-11-21 13:06:44,41b7bd46-b823-4a31-a79a-77e33c11cfc3,2018-11-21 13:06:44,lead_send,email,6541764,Private Pool | Upgraded | Three Bedrooms,3,3,184995,yearly,970,3230,166339,3063,26135,rent,35,unfurnished,residential,,page,SUP157695_L,standard,FALSE,79.91999817,,2018,11,21
022b5fee-9ef2-4b15-ac74-a3f1861e65c6,2c21bad1-07b3-4abf-bef8-5f8bffbbc742,2018-11-21 23:32:14,0dce32ab-9aef-4db1-82ec-b7ac27e44161,2018-11-21 23:32:14,lead_click,phone,6448769,Single Row | 4E | Vacant | Fully Upgraded,2,2,1425000,,4463,3228,164694,1794,1915558369,buy,35,unfurnished,residential,,page,SUP180016,premium,TRUE,99.81999969,completed,2018,11,21
022b5fee-9ef2-4b15-ac74-a3f1861e65c6,2c21bad1-07b3-4abf-bef8-5f8bffbbc742,2018-11-21 23:37:53,4c6e6048-0253-4402-ae59-77482ddf7403,2018-11-21 23:37:53,lead_click,email,6522766,EXCLUSIVE l Superb Location l Best Price,3,4,1399950,,3973,292,116921,3356,622933124,buy,22,unfurnished,residential,,page,FFED-S-17288,premium,TRUE,99.91999817,completed,2018,11,21
022b5fee-9ef2-4b15-ac74-a3f1861e65c6,2c21bad1-07b3-4abf-bef8-5f8bffbbc742,2018-11-21 23:38:55,6e732539-01e3-4cb0-a41e-36a6d066e815,2018-11-21 23:38:55,lead_send,email,6522766,EXCLUSIVE l Superb Location l Best Price,3,4,1399950,,3973,292,116921,3356,622933124,buy,22,unfurnished,residential,,page,FFED-S-17288,premium,TRUE,99.91999817,completed,2018,11,21
022b5fee-9ef2-4b15-ac74-a3f1861e65c6,2c21bad1-07b3-4abf-bef8-5f8bffbbc742,2018-11-21 23:57:06,03c9ffe3-2b37-4113-ab19-c9e3d6a95b26,2018-11-21 23:57:06,lead_click,phone,6345456,Vacant 3 Bed + M villa Terrace Basement,3,4,1490000,,3970,2833,155977,3300,20003,buy,22,unfurnished,residential,,page,Mir-JVC-62,standard,FALSE,79.79000092,completed,2018,11,21
022b5fee-9ef2-4b15-ac74-a3f1861e65c6,2c21bad1-07b3-4abf-bef8-5f8bffbbc742,2018-11-22 00:00:59,1b6bec6c-36da-4cc5-8ccf-a0a1e4c90ff1,2018-11-22 00:00:59,lead_click,phone,6502019,Reduced | Vacant | Amazing View | D Type,2,4,1825000,,4329,1343,141883,1981,19257,buy,1,unfurnished,residential,,page,QM-S-6082,premium,TRUE,100,completed,2018,11,21
022ffc9e-a264-4c55-9deb-4fd983813eb1,070a458c-934a-49fd-bf09-ca51478a70c0,2018-11-22 01:21:23,02391a08-cfbb-4cf0-a70f-374ca57f6398,2018-11-22 01:21:23,lead_click,phone,6180147,LUXURY 4 BR VILLA | PRIVATE POOL | PALM JUMEIRAH,4,4,450000,yearly,4255,3046,160368,6705,PAL-K55-JOS56,rent,35,furnished,residential,,page,AHLPJK55,standard,FALSE,77.48000336,,2018,11,21
02482dee-8b58-42c5-9046-07b2ac4a20d6,9a3e2b5a-5460-420d-9975-4e9615e85441,2018-11-21 16:43:24,9c6b64df-fd74-48e6-95a4-db72ccaad108,2018-11-21 16:43:24,lead_click,email,6549130,Stunning! 1 Bedroom Apartment - Sea View,1,2,80000,yearly,8486,2531,143229,896,,rent,1,unfurnished,residential,,page,rrem-p-3728105,standard,FALSE,80,,2018,11,21
02482dee-8b58-42c5-9046-07b2ac4a20d6,9a3e2b5a-5460-420d-9975-4e9615e85441,2018-11-21 16:45:04,eac72c0a-b674-4265-b5c7-40182905e5dd,2018-11-21 16:45:04,lead_send,email,6549130,Stunning! 1 Bedroom Apartment - Sea View,1,2,80000,yearly,8486,2531,143229,896,,rent,1,unfurnished,residential,,page,rrem-p-3728105,standard,FALSE,80,,2018,11,21
0252c6d4-b3a1-4332-9126-5cdc9ca713dd,ef599d8f-2277-4a96-85ca-b14ca99c3073,2018-11-21 16:40:43,09d4e7a7-81e0-47d3-b2ea-feb479621734,2018-11-21 16:40:43,lead_click,phone,6509945,1BR|Higher Floor|South Ridge 4 for Sale,1,2,1250000,,2746,568,120687,986,26308,buy,1,unfurnished,residential,,page,HL-S-6629,standard,FALSE,78.43000031,completed,2018,11,21
0252c6d4-b3a1-4332-9126-5cdc9ca713dd,ef599d8f-2277-4a96-85ca-b14ca99c3073,2018-11-21 17:05:53,a294aee7-77db-422d-823e-6ef9d534339f,2018-11-21 17:05:53,lead_click,phone,6509208,| Corner Unit | Burj and Downtown View |,1,2,1200000,,2746,1774,132582,950,5061,buy,1,unfurnished,residential,,page,MH-S-0001,featured,FALSE,80,,2018,11,21
0252c6d4-b3a1-4332-9126-5cdc9ca713dd,ef599d8f-2277-4a96-85ca-b14ca99c3073,2018-11-21 17:09:08,0d33f547-7024-4bdc-b343-5265ca0224ac,2018-11-21 17:09:08,lead_click,phone,6082478,Community  View I  Spacious I  1 Bedroom,1,2,1300000,,2746,1555,158281,986,1764533069,buy,1,unfurnished,residential,,page,iqi-779939,featured,TRUE,100,completed,2018,11,21
0259008c-9a4c-45db-8c51-ccc03cc15210,a915f920-df1d-4a6c-9571-20e3e5487700,2018-11-21 12:50:17,761c3e31-8050-4422-8cc2-ea6b4c035586,2018-11-21 12:50:17,lead_click,phone,6326758,Exclusive Mira Type 2M TH Reem Community,3,3,1750000,,4616,280,139801,2385,,buy,35,unfurnished,residential,,target,IR-S-9529,featured,FALSE,79.95999908,completed,2018,11,21
0259008c-9a4c-45db-8c51-ccc03cc15210,a915f920-df1d-4a6c-9571-20e3e5487700,2018-11-21 12:50:35,fe144770-ceb3-4917-b19e-45d1077805a4,2018-11-21 12:50:35,lead_click,phone,6491875,3Bedroom in Armada 3 Tower w/ 2 Parking!,3,2,94999,yearly,3795,552,164294,1314,,rent,1,unfurnished,residential,,target,PF-AR-28210,standard,TRUE,99.98000336,,2018,11,21
025c5f56-5bc0-4297-85e5-ae4a25c2b33d,38033fdb-53bf-4a14-a132-f19691420381,2018-11-21 16:56:23,51dfb281-d29d-43a4-8911-f18e3770112e,2018-11-21 16:56:23,lead_click,phone,6442247,Brand New 1BR Apt with Elegant finishing,1,2,55000,yearly,9797,1027,117818,840,,rent,1,unfurnished,residential,,page,AP52953,featured,FALSE,99.95999908,,2018,11,21
026a9e93-09a5-4ae8-a7fe-a6647551891d,72b41a5a-f5ea-4b5b-be69-f54bcf44d4ea,2018-11-22 01:00:07,b18170b5-8cb5-45af-9d9b-394addc65c25,2018-11-22 01:00:07,lead_click,phone,6550552,NO DEPOSIT GET STUDIO IN JUST 20000.,0,1,20000,yearly,4911,3091,161147,500,,rent,1,unfurnished,residential,,target,0551052313P3,standard,FALSE,99.01000214,,2018,11,21
029c8d32-f838-4f09-827e-f194ca631eed,4890ea28-3541-4253-9123-36424f4ab730,2018-11-21 11:45:05,8168ac56-db7c-4817-b34f-16290ce362d8,2018-11-21 11:45:05,lead_click,phone,6550799,"Brand New, Bright 2 Bedroom in City Walk",2,4,165000,yearly,9558,948,131894,1755,6958,rent,1,unfurnished,residential,,page,DP-R-36877,standard,FALSE,79.95999908,,2018,11,21
029c8d32-f838-4f09-827e-f194ca631eed,4890ea28-3541-4253-9123-36424f4ab730,2018-11-21 12:14:29,3b0662d1-7629-41ec-b110-3e1f4f533b2e,2018-11-21 12:14:29,lead_click,phone,6416262,Largest | Luxurious.2BR || +1 Month Free,2,4,169999,yearly,9911,729,166972,2100,19210,rent,1,unfurnished,residential,,page,meg-1025220,featured,TRUE,100,,2018,11,21
029c8d32-f838-4f09-827e-f194ca631eed,4890ea28-3541-4253-9123-36424f4ab730,2018-11-21 12:18:19,184a51d4-5a9b-4835-b8e0-eb3d60adbce9,2018-11-21 12:18:19,lead_click,phone,6417717,2 BR + Maids High Floor I Peacful Unit,2,4,175000,yearly,9542,948,131894,1715,6958,rent,1,unfurnished,residential,,page,DP-R-33570,featured,TRUE,97.51999664,,2018,11,21
02a12622-8b2b-4b14-b77f-07f7a1f46e10,fbe5a30c-1274-48be-969f-420362ad2005,2018-11-21 23:07:13,87186ede-0c26-4104-9096-4e7f00cb1e06,2018-11-21 23:07:13,lead_click,email,6319249,One  bedroom  with  Parking   for rent !,1,2,34999,yearly,9484,978,121452,758,23753,rent,1,unfurnished,residential,,page,QP-RENT -LG,standard,FALSE,80,,2018,11,21
02a12622-8b2b-4b14-b77f-07f7a1f46e10,fbe5a30c-1274-48be-969f-420362ad2005,2018-11-21 23:08:32,0c71d67c-af85-483d-953d-ba7308c39c38,2018-11-21 23:08:32,lead_send,email,6319249,One  bedroom  with  Parking   for rent !,1,2,34999,yearly,9484,978,121452,758,23753,rent,1,unfurnished,residential,,page,QP-RENT -LG,standard,FALSE,80,,2018,11,21
02a12622-8b2b-4b14-b77f-07f7a1f46e10,fbe5a30c-1274-48be-969f-420362ad2005,2018-11-21 23:09:26,c6f55053-601c-4afa-81d7-7a294b751b5e,2018-11-21 23:09:26,lead_click,phone,6319249,One  bedroom  with  Parking   for rent !,1,2,34999,yearly,9484,978,121452,758,23753,rent,1,unfurnished,residential,,page,QP-RENT -LG,standard,FALSE,80,,2018,11,21
02c907b7-56dd-42ed-92b3-14ff59ac9ca7,719ab42f-577c-400f-ba9e-e08c767dc232,2018-11-21 11:34:27,8455850c-7286-4e1f-8f17-74a6a3abc708,2018-11-21 11:34:27,lead_click,phone,6487734,3BED+Study| Facing Pool View | Al Ghaf 4,3,3,130000,yearly,3484,3306,166402,2076,26472,rent,1,unfurnished,residential,,page,archhomere-1136955,standard,FALSE,79.95999908,,2018,11,21
02d9f0b0-144a-48b5-8241-51acd16fe31e,151f82b7-0d93-4cf0-af49-6fc4019768e2,2018-11-21 11:33:23,eb7b5497-e33b-43d9-b929-ae68e0421593,2018-11-21 11:33:23,lead_click,sms,5039083,New & spacious 3 bedrooms apartment,3,3,101000,yearly,9870,2269,157368,1830,,rent,1,unfurnished,residential,,target,P15-T2-1F-106,featured,FALSE,65,,2018,11,21
02e7ab12-0379-4372-869b-ee4806943d3a,719bdc0e-b6c1-455a-aa80-7d72835af4cf,2018-11-21 23:20:56,2b834e88-8c4c-4009-98a4-fbf7143b645a,2018-11-21 23:20:56,lead_click,phone,6552111,Luxury 1BR Majestine Tower Ready to Move,1,2,90000,yearly,539,2537,158212,1000,21876,rent,1,furnished,residential,,page,JB -1173886,standard,FALSE,80,,2018,11,21
02f468ff-48e6-4d71-9142-fb2b07866efb,18fa696d-1d48-45de-8da9-5a6e3009c16d,2018-11-21 15:35:52,2896e5eb-2652-4b64-aabd-875a9d8d5b13,2018-11-21 15:35:52,lead_click,phone,6428212,Earn 10% ROI - Studio - International City,0,1,265000,,893,1184,160950,486,18232,buy,1,unfurnished,residential,,page,alzad-1034879,featured,FALSE,79.63999939,,2018,11,21
02f468ff-48e6-4d71-9142-fb2b07866efb,7f6b9d79-cd51-4a07-8f28-993a8cfb0018,2018-11-21 17:54:59,d044670f-5d56-4a05-b8b2-bab0aa9d28da,2018-11-21 17:54:59,lead_click,email,6478315,1 Bedroom Apt for sale in England Cluster,1,2,330000,,889,2320,151872,760,1513672799,buy,1,unfurnished,residential,,page,alansari-1130710,featured,TRUE,99.72000122,,2018,11,21
02f468ff-48e6-4d71-9142-fb2b07866efb,7f6b9d79-cd51-4a07-8f28-993a8cfb0018,2018-11-21 18:02:57,eb0d9c5e-28b0-4db6-b0cc-041d1ac99ac9,2018-11-21 18:02:57,lead_send,email,6521930,1 bedroom for sale in England cluster,1,2,340000,,889,3071,160911,784,45632,buy,1,unfurnished,residential,,page,meridian-1156689,featured,FALSE,78.30000305,,2018,11,21
030fe084-6404-4826-b14b-89c6a57aec1e,39aceef8-1fa4-48a6-a775-e2da0c84d0dc,2018-11-21 22:38:07,d5fa1e80-9e44-46d3-a5ed-3d55f00d95be,2018-11-21 22:38:07,lead_click,phone,6403575,"Spacious 2 BR, Great View, 2 Months Free",2,3,45000,yearly,170,1607,124150,1400,,rent,1,unfurnished,residential,,target,RFT1 - Type 4 - 7,premium,FALSE,56.5,,2018,11,21
033a4d10-06dc-4fb3-a386-d242d35b85b8,79b8c023-b454-4ff7-91c8-71b898f7f386,2018-11-21 14:12:19,5f633b47-a059-41c0-81bf-1851437e41b2,2018-11-21 14:12:19,lead_click,phone,6504287,UPGRADED|MARINA and GOLF VIEW HIGH FLOOR,3,4,149999,yearly,3064,1225,131830,1723,4516,rent,1,unfurnished,residential,,page,bhp-1144378,featured,TRUE,99.83999634,,2018,11,21
0342a3ea-c9b0-450c-9e18-63b323215959,140aa85c-2c94-47c7-bc7c-2341eb3df0e0,2018-11-21 17:24:55,f9f3af73-7ead-4501-a565-edda3a7677a1,2018-11-21 17:24:55,lead_click,phone,6505931,Spacious|2 Bed room Apartment For Rent In DSO,2,3,65000,yearly,3282,2459,161295,1400,2024991187,rent,1,unfurnished,residential,,page,Ali 006,standard,FALSE,77,,2018,11,21
000695fb-cfe4-4180-a357-76498e31756a,48b85a93-5899-43dd-a7c2-606637275050,2018-11-21 14:35:05,a7621982-4e02-4829-af3c-9e4afe83c266,2018-11-21 14:35:05,lead_click,phone,6406937,Best price for an office for rent in JLT,0,0,40000,yearly,3776,2578,145339,750,2019569499,rent,4,unfurnished,commercial,,page,BK-46,standard,FALSE,80,,2018,11,21
000695fb-cfe4-4180-a357-76498e31756a,48b85a93-5899-43dd-a7c2-606637275050,2018-11-21 14:35:27,5906ee46-3843-4a66-bbbb-f9c3db89ba5e,2018-11-21 14:35:27,lead_click,phone,6406937,Best price for an office for rent in JLT,0,0,40000,yearly,3776,2578,145339,750,2019569499,rent,4,unfurnished,commercial,,page,BK-46,standard,FALSE,80,,2018,11,21
000695fb-cfe4-4180-a357-76498e31756a,48b85a93-5899-43dd-a7c2-606637275050,2018-11-21 14:36:07,826ca0e9-9c8a-49fe-9006-561acf59683a,2018-11-21 14:36:07,lead_click,sms,6406937,Best price for an office for rent in JLT,0,0,40000,yearly,3776,2578,145339,750,2019569499,rent,4,unfurnished,commercial,,page,BK-46,standard,FALSE,80,,2018,11,21
035f5c2b-155c-4fd1-899c-48b2f5b75bd2,1d194289-e53d-497c-91cd-f3a272d33994,2018-11-21 09:46:48,69dbe8f9-fdb5-49ae-ba83-f347899a8749,2018-11-21 09:46:48,lead_click,phone,6445752,NO 5% COM! Pay only AED999 1 month free,1,1,40000,yearly,881,3338,165796,626,931922848,rent,1,unfurnished,residential,,page,R00228,featured,FALSE,79.66999817,,2018,11,21
